timestamp_s,cam_pitch_rad,cam_yaw_rad,laser_pitch_rad,laser_yaw_rad,laser_dx_m,laser_dy_m,imu_omega_x_rad_s,imu_omega_y_rad_s,imu_omega_z_rad_s,throttle_pitch,throttle_yaw
160.2302,-0.03441,-0.01957,-0.00075,0.00074,-0.00095,0.00095,-0.01766,-0.01030,0.00062,0.71,0.55
160.3307,-0.03456,-0.01959,-0.00060,0.00077,-0.00098,0.00076,-0.01765,-0.00976,0.00540,0.70,0.55
160.4315,-0.03437,-0.01974,-0.00079,0.00091,-0.00116,0.00100,-0.01871,-0.01082,0.00274,0.71,0.55
160.5319,-0.03439,-0.01993,-0.00076,0.00110,-0.00140,0.00097,-0.01977,-0.01029,0.00221,0.71,0.55
160.6324,-0.03429,-0.01986,-0.00087,0.00104,-0.00132,0.00110,-0.02029,-0.00975,0.00061,0.71,0.55
160.7326,-0.03414,-0.01957,-0.00102,0.00075,-0.00095,0.00129,-0.01975,-0.00815,0.00167,0.71,0.55
160.8337,-0.03396,-0.01995,-0.00120,0.00113,-0.00143,0.00152,-0.01975,-0.01241,0.00433,0.71,0.55
160.9343,-0.03407,-0.02003,-0.00066,0.00121,-0.00154,0.00084,-0.01974,-0.01240,0.00380,0.71,0.55
161.0347,-0.03445,-0.02006,-0.00071,0.00124,-0.00158,0.00090,-0.01973,-0.00814,0.00380,0.71,0.55
161.1362,-0.03436,-0.01986,-0.00080,0.00104,-0.00132,0.00102,-0.02025,-0.00920,0.00220,0.71,0.55
161.2364,-0.03428,-0.01979,-0.00088,0.00097,-0.00123,0.00111,-0.01918,-0.00866,0.00060,0.71,0.55
161.3367,-0.03431,-0.01962,-0.00085,0.00080,-0.00101,0.00107,-0.01864,-0.00760,0.00380,0.71,0.55
161.4370,-0.03424,-0.01966,-0.00092,0.00084,-0.00106,0.00117,-0.01758,-0.01132,0.00380,0.71,0.55
161.5372,-0.03435,-0.01979,-0.00081,0.00096,-0.00122,0.00103,-0.01757,-0.01079,0.00273,0.71,0.55
161.6402,-0.03458,-0.01974,-0.00058,0.00092,-0.00117,0.00073,-0.01756,-0.00972,0.00167,0.71,0.55
161.7405,-0.03452,-0.01967,-0.00063,0.00085,-0.00108,0.00080,-0.01809,-0.00706,0.00167,0.71,0.55
161.8407,-0.03428,-0.01979,-0.00088,0.00097,-0.00123,0.00111,-0.01702,-0.00971,0.00379,0.71,0.55
161.9427,-0.03413,-0.01993,-0.00103,0.00111,-0.00141,0.00131,-0.01755,-0.01131,0.00379,0.71,0.54
162.0430,-0.03421,-0.01990,-0.00095,0.00108,-0.00137,0.00121,-0.01701,-0.00971,0.00113,0.71,0.55
162.1434,-0.03424,-0.01958,-0.00092,0.00076,-0.00096,0.00117,-0.01754,-0.00971,0.00007,0.71,0.55
162.2444,-0.03451,-0.01952,-0.00065,0.00069,-0.00088,0.00082,-0.01754,-0.00970,0.00379,0.71,0.55
162.3456,-0.03469,-0.01962,-0.00047,0.00080,-0.00102,0.00059,-0.01806,-0.01130,0.00326,0.71,0.55
162.4461,-0.03474,-0.01976,-0.00041,0.00094,-0.00119,0.00053,-0.01912,-0.00917,0.00326,0.71,0.54
162.5463,-0.03434,-0.01988,-0.00081,0.00106,-0.00135,0.00103,-0.01965,-0.00757,0.00219,0.71,0.54
162.6470,-0.03416,-0.01964,-0.00099,0.00082,-0.00104,0.00126,-0.01804,-0.00703,0.00059,0.72,0.55
162.7475,-0.03402,-0.01963,-0.00114,0.00081,-0.00102,0.00144,-0.01857,-0.00863,0.00591,0.72,0.54
162.8479,-0.03410,-0.01968,-0.00106,0.00086,-0.00109,0.00135,-0.01803,-0.01447,0.00219,0.71,0.54
162.9487,-0.03438,-0.01986,-0.00078,0.00104,-0.00132,0.00099,-0.01909,-0.01181,0.00272,0.71,0.54
163.0500,-0.03432,-0.01957,-0.00083,0.00075,-0.00095,0.00106,-0.01856,-0.00809,0.00272,0.72,0.54
163.1503,-0.03431,-0.01958,-0.00084,0.00076,-0.00097,0.00107,-0.01961,-0.00808,0.00432,0.72,0.54
163.2525,-0.03443,-0.01962,-0.00073,0.00079,-0.00101,0.00092,-0.01855,-0.01180,0.00325,0.71,0.54
163.3540,-0.03453,-0.01966,-0.00062,0.00084,-0.00107,0.00079,-0.01854,-0.00914,0.00272,0.72,0.54
163.4544,-0.03463,-0.01959,-0.00052,0.00076,-0.00097,0.00067,-0.01747,-0.00807,0.00272,0.72,0.54
163.5549,-0.03431,-0.01962,-0.00085,0.00080,-0.00101,0.00107,-0.01799,-0.00754,0.00112,0.72,0.54
163.6552,-0.03401,-0.01964,-0.00114,0.00081,-0.00104,0.00145,-0.01692,-0.00860,0.00591,0.72,0.54
163.7555,-0.03412,-0.01971,-0.00103,0.00088,-0.00113,0.00131,-0.01692,-0.01232,0.00218,0.72,0.54
163.8582,-0.03421,-0.01961,-0.00095,0.00079,-0.00100,0.00120,-0.01584,-0.01072,-0.00048,0.72,0.55
163.9587,-0.03416,-0.01969,-0.00100,0.00087,-0.00110,0.00127,-0.01796,-0.01071,0.00590,0.72,0.54
164.0601,-0.03429,-0.01986,-0.00087,0.00104,-0.00132,0.00110,-0.01742,-0.01018,0.00165,0.72,0.54
164.1613,-0.03446,-0.01968,-0.00070,0.00085,-0.00108,0.00089,-0.01742,-0.01018,0.00165,0.72,0.54
164.2616,-0.03454,-0.01970,-0.00061,0.00088,-0.00111,0.00078,-0.01847,-0.00964,0.00430,0.72,0.54
164.3629,-0.03442,-0.01987,-0.00074,0.00105,-0.00133,0.00094,-0.01793,-0.00963,0.00483,0.72,0.54
164.4633,-0.03434,-0.01988,-0.00081,0.00106,-0.00135,0.00103,-0.01793,-0.00803,0.00005,0.72,0.54
164.5642,-0.03432,-0.01957,-0.00083,0.00075,-0.00095,0.00106,-0.01845,-0.00910,0.00271,0.72,0.54
164.6646,-0.03436,-0.01956,-0.00079,0.00074,-0.00094,0.00101,-0.01844,-0.01069,0.00217,0.72,0.54
164.7649,-0.03431,-0.01962,-0.00085,0.00080,-0.00101,0.00107,-0.01897,-0.00802,0.00323,0.72,0.54
164.8651,-0.03429,-0.01986,-0.00087,0.00104,-0.00132,0.00110,-0.01897,-0.01068,0.00483,0.72,0.54
164.9655,-0.03429,-0.01986,-0.00087,0.00104,-0.00132,0.00110,-0.01842,-0.01174,-0.00102,0.72,0.54
165.0660,-0.03431,-0.01962,-0.00085,0.00080,-0.00101,0.00107,-0.01895,-0.00748,0.00217,0.72,0.54
165.1663,-0.03421,-0.01990,-0.00095,0.00108,-0.00137,0.00121,-0.01894,-0.00641,0.00376,0.73,0.54
165.2667,-0.03413,-0.01990,-0.00103,0.00108,-0.00137,0.00131,-0.01840,-0.01120,0.00270,0.72,0.54
165.3672,-0.03420,-0.01983,-0.00096,0.00101,-0.00128,0.00122,-0.01521,-0.00960,0.00589,0.72,0.53
165.4686,-0.03434,-0.02013,-0.00124,0.00131,-0.00166,0.00158,-0.01307,-0.00907,0.00323,0.73,0.54
165.5691,-0.03420,-0.02020,-0.00096,0.00138,-0.00176,0.00122,-0.01360,-0.01385,0.00110,0.72,0.54
165.6696,-0.03420,-0.02018,-0.00095,0.00136,-0.00173,0.00121,-0.01678,-0.00959,0.00429,0.73,0.53
165.7700,-0.03420,-0.02036,-0.00096,0.00154,-0.00195,0.00122,-0.01518,-0.00746,0.00056,0.73,0.54
165.8705,-0.03422,-0.02027,-0.00093,0.00145,-0.00184,0.00119,-0.01677,-0.01118,0.00375,0.73,0.53
165.9721,-0.03422,-0.02027,-0.00093,0.00145,-0.00184,0.00119,-0.01836,-0.00904,0.00322,0.73,0.53
166.0728,-0.03423,-0.02032,-0.00135,0.00150,-0.00191,0.00172,-0.01887,-0.00903,0.00269,0.73,0.53
166.1731,-0.03444,-0.01997,-0.00071,0.00115,-0.00146,0.00091,-0.01939,-0.01275,0.00322,0.72,0.53
166.2742,-0.03468,-0.01986,-0.00047,0.00104,-0.00132,0.00060,-0.02045,-0.00956,0.00535,0.72,0.53
166.3745,-0.03470,-0.01992,-0.00046,0.00110,-0.00139,0.00058,-0.02097,-0.00636,0.00215,0.73,0.53
166.4748,-0.03428,-0.01979,-0.00088,0.00097,-0.00123,0.00111,-0.02096,-0.00583,0.00162,0.73,0.53
166.5753,-0.03380,-0.01950,-0.00093,0.00068,-0.00086,0.00118,-0.01988,-0.00955,0.00215,0.73,0.53
166.6769,-0.03334,-0.01993,-0.00139,0.00111,-0.00141,0.00177,-0.01934,-0.00795,0.00481,0.73,0.53
166.7775,-0.03362,-0.02026,-0.00197,0.00143,-0.00182,0.00250,-0.01773,-0.01432,0.00374,0.74,0.53
166.8780,-0.03423,-0.02028,-0.00093,0.00145,-0.00184,0.00118,-0.01825,-0.01644,0.00161,0.73,0.53
166.9791,-0.03485,-0.02008,-0.00030,0.00126,-0.00160,0.00039,-0.01824,-0.01005,0.00427,0.73,0.53
167.0802,-0.03518,-0.02021,0.00002,0.00139,-0.00176,-0.00003,-0.01717,-0.00366,0.00054,0.73,0.53
167.1806,-0.03483,-0.02015,-0.00033,0.00132,-0.00168,0.00042,-0.01715,-0.00419,0.00161,0.73,0.53
167.2818,-0.03423,-0.02021,-0.00136,0.00138,-0.00175,0.00172,-0.01608,-0.00631,0.00533,0.74,0.53
167.3823,-0.03389,-0.02015,-0.00042,0.00133,-0.00168,0.00053,-0.01448,-0.01429,0.00054,0.72,0.53
167.4830,-0.03413,-0.01997,-0.00103,0.00115,-0.00146,0.00131,-0.01500,-0.00630,0.00320,0.73,0.53
167.5839,-0.03392,-0.01992,-0.00123,0.00110,-0.00140,0.00156,-0.01499,-0.01161,0.00001,0.73,0.53
167.6843,-0.03401,-0.01980,-0.00114,0.00098,-0.00125,0.00145,-0.01657,-0.01054,0.00266,0.73,0.53
167.7847,-0.03426,-0.01995,-0.00090,0.00113,-0.00144,0.00114,-0.01710,-0.01373,0.00373,0.73,0.53
167.8869,-0.03471,-0.01988,-0.00044,0.00106,-0.00134,0.00056,-0.01815,-0.00999,0.00213,0.73,0.53
167.9874,-0.03481,-0.01984,-0.00034,0.00102,-0.00130,0.00044,-0.01866,-0.00839,-0.00053,0.73,0.53
168.0876,-0.03479,-0.01963,-0.00036,0.00081,-0.00103,0.00046,-0.01971,-0.00519,0.00106,0.73,0.53
168.1879,-0.03412,-0.01997,-0.00103,0.00114,-0.00145,0.00131,-0.01968,-0.00784,0.00212,0.74,0.53
168.2885,-0.03398,-0.01997,-0.00118,0.00115,-0.00146,0.00149,-0.02020,-0.00997,0.00265,0.74,0.53
168.3890,-0.03417,-0.01998,-0.00098,0.00116,-0.00147,0.00125,-0.02018,-0.01208,0.00425,0.73,0.52
168.4907,-0.03439,-0.01996,-0.00076,0.00114,-0.00145,0.00097,-0.01963,-0.01047,0.00265,0.73,0.53
168.5910,-0.03444,-0.01979,-0.00071,0.00097,-0.00123,0.00090,-0.02014,-0.00834,0.00212,0.73,0.53
168.6915,-0.03436,-0.01958,-0.00080,0.00076,-0.00096,0.00101,-0.02012,-0.00939,0.00105,0.73,0.53
168.7924,-0.03424,-0.01966,-0.00092,0.00084,-0.00106,0.00117,-0.01851,-0.00885,0.00105,0.74,0.53
168.8931,-0.03425,-0.01996,-0.00091,0.00113,-0.00144,0.00115,-0.01796,-0.00991,0.00264,0.74,0.52
168.9934,-0.03418,-0.02010,-0.00140,0.00128,-0.00162,0.00178,-0.01688,-0.00990,0.00264,0.74,0.52
169.0951,-0.03448,-0.02007,-0.00067,0.00125,-0.00159,0.00086,-0.01580,-0.01414,0.00264,0.73,0.52
169.1965,-0.03492,-0.01992,-0.00023,0.00110,-0.00140,0.00029,-0.01631,-0.00881,0.00157,0.73,0.52
169.2968,-0.03482,-0.01983,-0.00034,0.00100,-0.00128,0.00043,-0.01523,-0.00455,-0.00215,0.74,0.53
169.3973,-0.03431,-0.01962,-0.00085,0.00080,-0.00101,0.00107,-0.01575,-0.00507,0.00370,0.74,0.52
169.5004,-0.03414,-0.02002,-0.00102,0.00120,-0.00152,0.00129,-0.01414,-0.01145,0.00263,0.74,0.52
169.6006,-0.03412,-0.01995,-0.00103,0.00113,-0.00144,0.00131,-0.01572,-0.01037,0.00103,0.74,0.52
169.7010,-0.03429,-0.01980,-0.00087,0.00098,-0.00124,0.00111,-0.01624,-0.01249,0.00263,0.74,0.52
169.8014,-0.03442,-0.01972,-0.00074,0.00090,-0.00114,0.00093,-0.01622,-0.00929,0.00209,0.74,0.52
169.9017,-0.03451,-0.01952,-0.00065,0.00069,-0.00088,0.00082,-0.01833,-0.00875,0.00262,0.74,0.52
170.0020,-0.03440,-0.01954,-0.00075,0.00071,-0.00091,0.00095,-0.01778,-0.00874,0.00103,0.74,0.52
170.1025,-0.03422,-0.01921,-0.00093,0.00039,-0.00050,0.00119,-0.01829,-0.00873,0.00209,0.74,0.52
170.2029,-0.03407,-0.01943,-0.00109,0.00061,-0.00077,0.00138,-0.01881,-0.00979,0.00209,0.74,0.52
170.3038,-0.03414,-0.01956,-0.00102,0.00074,-0.00094,0.00129,-0.01932,-0.00978,0.00368,0.74,0.52
170.4049,-0.03423,-0.01982,-0.00092,0.00100,-0.00127,0.00117,-0.01930,-0.00977,0.00155,0.74,0.52
170.5057,-0.03426,-0.01982,-0.00090,0.00100,-0.00126,0.00114,-0.01929,-0.00816,0.00207,0.74,0.52
170.6085,-0.03421,-0.01977,-0.00095,0.00095,-0.00120,0.00120,-0.01820,-0.01028,0.00154,0.74,0.52
170.7090,-0.03432,-0.01983,-0.00084,0.00100,-0.00127,0.00107,-0.01924,-0.00814,0.00260,0.74,0.52
170.8094,-0.03436,-0.02000,-0.00080,0.00118,-0.00149,0.00101,-0.01869,-0.01026,0.00526,0.74,0.52
170.9101,-0.03468,-0.01993,-0.00047,0.00111,-0.00141,0.00060,-0.01708,-0.00812,-0.00060,0.74,0.52
171.0105,-0.03448,-0.01966,-0.00068,0.00084,-0.00107,0.00086,-0.01653,0.00412,-0.06069,0.75,0.58
171.1122,-0.03265,-0.01248,-0.00250,-0.00635,0.00807,0.00318,-0.02397,0.00624,-0.02394,0.76,0.57
171.2131,-0.03100,-0.00985,-0.00413,-0.00898,0.01143,0.00525,-0.02343,-0.01078,-0.01862,0.77,0.57
171.3133,-0.03083,-0.00773,-0.00430,-0.01110,0.01411,0.00547,-0.02608,-0.02035,-0.01169,0.77,0.58
171.4159,-0.03245,-0.00550,-0.00264,-0.01334,0.01696,0.00335,-0.02605,-0.02565,-0.00849,0.75,0.58
171.5165,-0.03372,-0.00436,-0.00135,-0.01447,0.01836,0.00171,-0.02603,-0.01286,-0.00050,0.75,0.58
171.6170,-0.03421,-0.00388,-0.00127,-0.01495,0.01901,0.00162,-0.02335,-0.00700,0.00056,0.75,0.59
171.7177,-0.03421,-0.00382,-0.00087,-0.01501,0.01906,0.00110,-0.01962,-0.00806,0.00162,0.75,0.59
171.8190,-0.03398,-0.00383,-0.00191,-0.01501,0.01907,0.00243,-0.01588,-0.00274,0.00641,0.76,0.59
171.9196,-0.03332,-0.00423,-0.00176,-0.01460,0.01854,0.00223,-0.01161,-0.01125,0.00481,0.76,0.60
172.0203,-0.03350,-0.00464,-0.00159,-0.01419,0.01802,0.00202,-0.00894,-0.01283,0.01012,0.76,0.60
172.1213,-0.03393,-0.00526,-0.00118,-0.01356,0.01722,0.00149,-0.00521,-0.01176,0.00852,0.75,0.60
172.2216,-0.03439,-0.00595,-0.00157,-0.01287,0.01634,0.00200,-0.00308,-0.01015,0.01011,0.76,0.60
172.3222,-0.03481,-0.00681,-0.00032,-0.01201,0.01527,0.00041,-0.00254,-0.01387,0.00850,0.75,0.60
172.4224,-0.03499,-0.00740,-0.00016,-0.01142,0.01453,0.00021,-0.00361,-0.00907,0.01381,0.75,0.60
172.5231,-0.03479,-0.00833,-0.00081,-0.01049,0.01332,0.00102,-0.00467,-0.00534,0.01008,0.75,0.60
172.6235,-0.03392,-0.00938,-0.00169,-0.00944,0.01199,0.00215,-0.00892,-0.00640,0.01061,0.76,0.60
172.7242,-0.03378,-0.01026,-0.00140,-0.00855,0.01087,0.00178,-0.01157,-0.01331,0.01219,0.76,0.60
172.8245,-0.03426,-0.01093,-0.00095,-0.00790,0.01003,0.00120,-0.01582,-0.01490,0.00953,0.75,0.60
172.9247,-0.03479,-0.01205,-0.00039,-0.00677,0.00859,0.00050,-0.02006,-0.00904,0.01324,0.75,0.60
173.0253,-0.03472,-0.01314,-0.00088,-0.00568,0.00721,0.00112,-0.02323,-0.00477,0.01110,0.76,0.60
173.1257,-0.03385,-0.01431,-0.00174,-0.00451,0.00573,0.00222,-0.02640,-0.00530,0.01109,0.77,0.60
173.2264,-0.03378,-0.01521,-0.00181,-0.00361,0.00459,0.00230,-0.02744,-0.01274,0.01002,0.76,0.60
173.3270,-0.03402,-0.01633,nan,nan,nan,nan,-0.02795,-0.01380,0.00894,0.77,0.60
173.4276,-0.03440,-0.01714,-0.00075,-0.00169,0.00214,0.00096,-0.02846,-0.01219,0.01638,0.76,0.59
173.5286,-0.03496,-0.01848,-0.00019,-0.00035,0.00044,0.00024,-0.02578,-0.00793,0.00839,0.75,0.59
173.6293,-0.03432,-0.01950,-0.00084,0.00067,-0.00086,0.00106,-0.02311,-0.00048,0.00945,0.76,0.59
173.7306,-0.03365,-0.02019,-0.00108,0.00136,-0.00173,0.00138,-0.01830,-0.00580,0.00519,0.76,0.59
173.8316,-0.03319,-0.02050,-0.00197,0.00167,-0.00212,0.00250,-0.01456,-0.01164,0.00412,0.77,0.59
173.9322,-0.03325,-0.02083,-0.00191,0.00201,-0.00255,0.00243,-0.01242,-0.01376,0.00252,0.77,0.59
174.0364,-0.03375,-0.02098,-0.00141,0.00216,-0.00275,0.00180,-0.00922,-0.01482,0.00358,0.76,0.58
174.1370,-0.03454,-0.02119,-0.00062,0.00236,-0.00300,0.00078,-0.00816,-0.01321,0.00198,0.76,0.58
174.2376,-0.03506,-0.02107,-0.00009,0.00225,-0.00286,0.00012,-0.00868,-0.00789,0.00145,0.76,0.59
174.3394,-0.03492,-0.02116,-0.00023,0.00234,-0.00296,0.00030,-0.00815,-0.00309,0.00198,0.76,0.58
174.4397,-0.03471,-0.02118,-0.00044,0.00236,-0.00300,0.00056,-0.00920,-0.00788,0.00038,0.76,0.58
174.5401,-0.03414,-0.02096,-0.00102,0.00214,-0.00272,0.00129,-0.01133,-0.00628,0.00038,0.76,0.58
174.6405,-0.03360,-0.02069,-0.00155,0.00187,-0.00237,0.00197,-0.01504,-0.00893,0.00198,0.77,0.58
174.7408,-0.03371,-0.02061,-0.00059,0.00180,-0.00228,0.00075,-0.01663,-0.01584,-0.00121,0.76,0.59
174.8411,-0.03413,-0.02026,-0.00145,0.00144,-0.00183,0.00184,-0.02034,-0.00626,0.00251,0.77,0.58
174.9418,-0.03401,-0.02014,-0.00072,0.00133,-0.00168,0.00092,-0.02298,-0.00891,0.00091,0.76,0.58
175.0442,-0.03405,-0.02009,-0.00067,0.00127,-0.00162,0.00086,-0.02510,-0.00784,0.00251,0.76,0.58
175.1445,-0.03411,-0.02023,-0.00147,0.00141,-0.00180,0.00187,-0.02561,-0.00890,0.00410,0.77,0.58
175.2451,-0.03412,-0.02044,-0.00061,0.00162,-0.00206,0.00077,-0.02453,-0.01155,0.00250,0.76,0.58
175.3454,-0.03427,-0.02043,-0.00046,0.00160,-0.00204,0.00059,-0.02558,-0.00889,0.00410,0.76,0.58
175.4457,-0.03419,-0.02042,-0.00097,0.00160,-0.00203,0.00123,-0.02343,-0.00463,0.00303,0.77,0.58
175.5461,-0.03413,-0.02027,-0.00060,0.00145,-0.00184,0.00076,-0.02076,-0.00835,0.00303,0.76,0.58
175.6464,-0.03376,-0.02039,-0.00140,0.00157,-0.00199,0.00178,-0.01702,-0.00515,0.00303,0.77,0.58
175.7467,-0.03350,-0.02034,-0.00167,0.00151,-0.00191,0.00211,-0.01382,-0.01578,0.00037,0.77,0.58
175.8481,-0.03390,-0.02030,-0.00083,0.00148,-0.00188,0.00106,-0.01275,-0.01312,0.00409,0.77,0.58
175.9484,-0.03437,-0.02031,-0.00037,0.00149,-0.00189,0.00046,-0.01062,-0.01311,0.00037,0.76,0.58
176.0489,-0.03446,-0.02005,-0.00070,0.00123,-0.00156,0.00089,-0.01008,-0.00459,0.00249,0.77,0.58
176.1494,-0.03446,-0.02000,-0.00070,0.00117,-0.00149,0.00089,-0.00901,-0.01310,0.00090,0.76,0.58
176.2496,-0.03441,-0.01988,-0.00075,0.00106,-0.00134,0.00095,-0.01060,-0.00671,0.00249,0.77,0.58
176.3511,-0.03459,-0.01952,-0.00057,0.00069,-0.00088,0.00072,-0.01112,-0.01362,0.00036,0.76,0.58
176.4516,-0.03473,-0.01942,-0.00042,0.00060,-0.00076,0.00053,-0.01377,-0.00510,0.00356,0.77,0.58
176.5522,-0.03471,-0.01925,-0.00044,0.00043,-0.00054,0.00056,-0.01430,-0.01042,0.00089,0.76,0.58
176.6524,-0.03475,-0.01908,-0.00041,0.00069,-0.00087,0.00052,-0.01748,-0.00562,0.00355,0.77,0.58
176.7531,-0.03456,-0.01919,-0.00060,0.00079,-0.00101,0.00076,-0.01853,-0.00934,0.00196,0.77,0.58
176.8533,-0.03419,-0.01893,-0.00096,0.00011,-0.00013,0.00122,-0.02172,-0.00615,0.00196,0.77,0.58
176.9537,-0.03405,-0.01891,-0.00110,0.00009,-0.00011,0.00140,-0.02170,-0.01040,0.00302,0.77,0.58
177.0545,-0.03398,-0.01898,-0.00117,0.00016,-0.00020,0.00149,-0.02222,-0.00986,0.00568,0.77,0.58
177.1548,-0.03411,-0.01910,-0.00147,0.00028,-0.00036,0.00187,-0.02167,-0.01357,0.00248,0.77,0.58
177.2552,-0.03443,-0.01924,-0.00115,0.00042,-0.00053,0.00146,-0.02272,-0.00984,0.00407,0.77,0.58
177.3559,-0.03464,-0.01958,-0.00052,0.00076,-0.00097,0.00066,-0.02058,-0.01250,0.00407,0.77,0.58
177.4562,-0.03480,-0.01994,-0.00035,0.00111,-0.00142,0.00045,-0.01898,-0.00771,-0.00923,0.77,0.59
177.5580,-0.03489,-0.01867,-0.00069,-0.00015,0.00019,0.00087,-0.01844,-0.00770,-0.00337,0.77,0.59
177.6592,-0.03473,-0.01825,-0.00042,-0.00058,0.00073,0.00054,-0.01789,-0.00770,-0.00018,0.77,0.58
177.7595,-0.03452,-0.01809,-0.00063,-0.00074,0.00094,0.00080,-0.01575,-0.00503,-0.00018,0.77,0.58
177.8599,-0.03421,-0.01769,-0.00094,-0.00113,0.00144,0.00120,-0.01307,-0.00343,-0.04912,0.78,0.64
177.9602,-0.03363,-0.01221,-0.00192,-0.00662,0.00840,0.00244,-0.01573,-0.02098,-0.19536,0.78,0.74
178.0606,-0.03417,0.01077,-0.00089,-0.02959,0.03762,0.00113,-0.04339,0.00297,-0.16074,0.78,0.84
178.1608,-0.03267,0.02715,-0.00218,-0.04596,0.05843,0.00277,-0.06093,0.00722,-0.07182,0.79,0.82
178.2613,-0.03052,0.03723,-0.00485,-0.05609,0.07122,0.00615,-0.06146,-0.01300,-0.05054,0.81,0.84
178.3615,-0.03052,0.04261,-0.00426,-0.06145,0.07809,0.00541,-0.05987,-0.02417,-0.02766,0.80,0.85
178.4633,-0.03178,0.04724,-0.00238,-0.06603,0.08393,0.00302,-0.05295,-0.02417,-0.00956,0.78,0.87
178.5644,-0.03328,0.04878,-0.00079,-0.06757,0.08606,0.00100,-0.04018,-0.00821,0.00746,0.78,0.88
178.6647,-0.03305,0.04839,-0.00052,-0.06722,0.08556,0.00066,-0.02315,-0.00235,0.01491,0.78,0.89
178.7650,-0.03252,0.04707,-0.00108,-0.06588,0.08382,0.00138,-0.00240,-0.00501,0.02290,0.78,0.90
178.8653,-0.03186,0.04530,-0.00226,-0.06419,0.08170,0.00287,0.01516,-0.00342,0.02556,0.80,0.91
178.9655,-0.03163,0.04216,-0.00233,-0.06106,0.07761,0.00296,0.03272,-0.02098,0.02928,0.79,0.91
179.0659,-0.03319,0.03941,-0.00146,-0.05825,0.07413,0.00186,0.04177,-0.02577,0.03407,0.78,0.92
179.1662,-0.03550,0.03580,0.00031,-0.05458,0.06944,-0.00039,0.04656,-0.02311,0.03407,0.77,0.92
179.2667,-0.03708,0.03174,0.00125,-0.05062,0.06441,-0.00159,0.04496,-0.01140,0.03513,0.76,0.93
179.3681,-0.03795,0.02871,0.00169,-0.04751,0.06038,-0.00215,0.03858,-0.00768,0.03407,0.76,0.93
179.4684,-0.03819,0.02456,0.00228,-0.04342,0.05520,-0.00289,0.02847,-0.00501,0.03833,0.76,0.93
179.5688,-0.03797,0.02112,0.00216,-0.03997,0.05082,-0.00275,0.01569,-0.00182,0.03939,0.76,0.93
179.6692,-0.03729,0.01646,0.00148,-0.03530,0.04475,-0.00187,0.00186,-0.00023,0.03886,0.77,0.93
179.7696,-0.03645,0.01194,0.00024,-0.03076,0.03906,-0.00030,-0.01357,-0.00342,0.03939,0.77,0.92
179.8708,-0.03576,0.00845,0.00004,-0.02727,0.03468,-0.00005,-0.02953,-0.00821,0.03779,0.77,0.92
179.9711,-0.03518,0.00403,-0.00039,-0.02284,0.02904,0.00049,-0.04390,-0.00608,0.03832,0.78,0.91
180.0715,-0.03450,-0.00023,-0.00093,-0.01857,0.02362,0.00119,-0.05560,-0.00076,0.03726,0.78,0.91
180.1722,-0.03380,-0.00348,-0.00242,-0.01531,0.01941,0.00307,-0.06252,-0.00395,0.03619,0.80,0.90
180.2724,-0.03336,-0.00750,-0.00189,-0.01131,0.01435,0.00240,-0.06465,-0.01459,0.03353,0.79,0.90
180.3727,-0.03362,-0.01060,-0.00158,-0.00822,0.01043,0.00200,-0.06465,-0.00342,0.03459,0.79,0.89
180.4729,-0.03370,-0.01369,-0.00144,-0.00513,0.00651,0.00183,-0.05614,-0.00714,0.03193,0.79,0.88
180.5733,-0.03296,-0.01785,-0.00219,-0.00099,0.00126,0.00277,-0.04390,-0.00555,0.02768,0.80,0.88
180.6735,-0.03251,-0.02082,nan,nan,nan,nan,-0.03006,-0.00555,0.02023,0.79,0.89
180.7744,-0.03213,-0.02303,-0.00395,0.00415,-0.00527,0.00501,-0.01729,-0.00661,0.02555,0.81,0.86
180.8747,-0.03218,-0.02531,-0.00307,0.00644,-0.00819,0.00390,0.00240,-0.02896,0.00852,0.79,0.87
180.9753,-0.03348,-0.02616,-0.00219,0.00731,-0.00928,0.00278,0.00825,-0.02417,0.00746,0.79,0.87
181.0757,-0.03489,-0.02666,-0.00033,0.00783,-0.00995,0.00042,0.01623,-0.01300,0.00054,0.78,0.87
181.1760,-0.03605,-0.02687,0.00085,0.00806,-0.01025,-0.00108,0.01996,-0.01246,0.00107,0.77,0.87
181.2765,-0.03591,-0.02679,0.00073,0.00797,-0.01013,-0.00093,0.01996,-0.00501,-0.00372,0.78,0.87
181.3768,-0.03512,-0.02600,-0.00003,0.00719,-0.00910,0.00004,0.01730,-0.00555,-0.00638,0.78,0.87
181.4771,-0.03453,-0.02521,-0.00186,0.00640,-0.00813,0.00236,0.01144,-0.01034,-0.00478,0.80,0.87
181.5788,-0.03447,-0.02428,nan,nan,nan,nan,-0.00080,-0.01991,-0.00478,0.79,0.87
181.6790,-0.03560,-0.02336,nan,nan,nan,nan,-0.01197,-0.02098,-0.00638,0.80,0.86
181.7793,-0.03727,-0.02237,0.00174,0.00354,-0.00449,-0.00220,-0.02740,-0.02736,-0.00851,0.76,0.88
181.8798,-0.03859,-0.02146,0.00305,0.00261,-0.00331,-0.00387,-0.03964,0.00776,0.00692,0.77,0.86
181.9810,-0.03770,-0.02128,0.00216,0.00245,-0.00311,-0.00274,-0.04496,0.01999,0.00160,0.78,0.87
182.0815,-0.03463,-0.02116,-0.00051,0.00234,-0.00297,0.00065,-0.04815,0.01787,0.00320,0.80,0.87
182.1817,-0.03100,-0.02127,-0.00501,0.00245,-0.00312,0.00638,-0.04549,-0.00714,0.00426,0.82,0.87
182.2825,-0.03060,-0.02137,-0.00541,0.00255,-0.00324,0.00687,-0.04337,-0.02470,0.00320,0.82,0.87
182.3829,-0.03166,-0.02164,nan,nan,nan,nan,-0.04177,-0.03109,0.00799,0.83,0.86
182.4834,-0.03449,-0.02206,-0.00069,0.00323,-0.00410,0.00087,-0.03698,-0.03801,0.00692,0.78,0.86
182.5843,-0.03762,-0.02239,0.00160,0.00359,-0.00456,-0.00203,-0.03166,0.00031,0.00799,0.78,0.85
182.6846,-0.03746,-0.02300,0.00142,0.00420,-0.00534,-0.00180,-0.01995,0.01308,0.00160,0.79,0.86
182.7849,-0.03454,-0.02295,-0.00107,0.00412,-0.00523,0.00136,-0.00825,0.01042,0.00107,0.81,0.86
182.8853,-0.03263,-0.02290,nan,nan,nan,nan,0.00293,-0.00501,-0.00159,0.78,0.86
182.9857,-0.03220,-0.02256,nan,nan,nan,nan,0.00985,-0.00023,-0.00159,0.78,0.86
183.0868,-0.03107,-0.02173,-0.00497,0.00288,-0.00366,0.00632,0.01570,0.00084,-0.00585,0.83,0.86
183.1875,-0.03009,-0.02116,-0.00594,0.00232,-0.00294,0.00755,0.01783,-0.03109,-0.00797,0.83,0.87
183.2879,-0.03191,-0.01984,-0.00282,0.00102,-0.00130,0.00357,0.01038,-0.04918,-0.00372,0.79,0.87
183.3882,-0.03756,-0.01899,0.00199,0.00015,-0.00020,-0.00252,0.00080,-0.03375,0.00054,0.76,0.87
183.4891,-0.03935,-0.01867,0.00379,-0.00016,0.00021,-0.00481,-0.00771,0.00084,0.00107,0.76,0.87
183.5900,-0.03862,-0.01866,0.00263,-0.00017,0.00022,-0.00334,-0.01463,0.01680,-0.00052,0.78,0.87
183.6904,-0.03531,-0.01832,0.00015,-0.00051,0.00064,-0.00019,-0.01995,0.01255,-0.00212,0.80,0.87
183.7908,-0.03360,-0.01800,-0.00156,-0.00081,0.00104,0.00199,-0.02793,-0.00395,0.00214,0.80,0.87
183.8910,-0.03277,-0.01773,-0.00240,-0.00109,0.00138,0.00304,-0.03113,-0.01300,0.00373,0.81,0.87
183.9916,-0.03328,-0.01798,-0.00146,-0.00084,0.00106,0.00185,-0.03645,-0.01406,0.00639,0.80,0.86
184.0940,-0.03435,-0.01837,-0.00081,-0.00045,0.00057,0.00102,-0.04017,-0.01459,0.00692,0.79,0.86
184.1944,-0.03492,-0.01885,-0.00066,0.00003,-0.00003,0.00084,-0.03964,-0.00501,0.00639,0.80,0.86
184.2948,-0.03458,-0.01952,-0.00058,0.00070,-0.00089,0.00074,-0.03485,-0.00661,0.00746,0.80,0.86
184.3958,-0.03427,-0.02006,-0.00047,0.00123,-0.00157,0.00060,-0.03113,-0.00289,0.00533,0.80,0.86
184.4964,-0.03366,-0.02039,-0.00151,0.00156,-0.00198,0.00192,-0.02314,-0.00608,0.00639,0.81,0.86
184.5982,-0.03329,-0.02075,-0.00188,0.00192,-0.00244,0.00239,-0.01676,-0.00874,0.00214,0.81,0.86
184.6986,-0.03334,-0.02093,-0.00141,0.00210,-0.00266,0.00179,-0.00984,-0.01725,0.00426,0.80,0.85
184.7990,-0.03385,-0.02090,-0.00133,0.00207,-0.00263,0.00168,-0.00452,-0.01406,0.00160,0.80,0.86
184.8992,-0.03429,-0.02061,-0.00088,0.00179,-0.00227,0.00111,-0.00026,-0.01406,0.00107,0.80,0.86
184.9999,-0.03474,-0.02071,-0.00042,0.00189,-0.00240,0.00053,0.00133,-0.01246,-0.00106,0.80,0.86
185.1008,-0.03510,-0.02035,-0.00006,0.00153,-0.00194,0.00007,0.00133,-0.00767,0.00001,0.80,0.86
185.2013,-0.03527,-0.02036,-0.00031,0.00154,-0.00195,0.00039,0.00080,-0.01087,-0.00212,0.80,0.86
185.3015,-0.03524,-0.01985,0.00009,0.00103,-0.00130,-0.00011,-0.00133,-0.01034,-0.00106,0.79,0.86
185.4026,-0.03544,-0.01941,-0.00014,0.00059,-0.00074,0.00017,-0.00505,-0.01140,-0.00052,0.79,0.86
185.5029,-0.03517,-0.01897,-0.00041,0.00015,-0.00019,0.00052,-0.01144,-0.00501,-0.00106,0.80,0.86
185.6034,-0.03506,-0.01883,-0.00052,0.00001,-0.00001,0.00066,-0.01623,-0.01140,0.00214,0.80,0.86
185.7037,-0.03488,-0.01863,-0.00027,-0.00019,0.00024,0.00034,-0.02208,-0.00980,0.00107,0.80,0.86
185.8043,-0.03512,-0.01854,-0.00003,-0.00028,0.00035,0.00004,-0.02740,-0.00661,0.00267,0.80,0.86
185.9046,-0.03469,-0.01842,-0.00046,-0.00040,0.00051,0.00058,-0.02953,-0.00714,0.00480,0.80,0.86
186.0050,-0.03410,-0.01893,-0.00106,0.00011,-0.00014,0.00134,-0.03059,-0.00182,0.00480,0.81,0.86
186.1059,-0.03334,-0.01904,-0.00097,0.00022,-0.00028,0.00123,-0.03059,-0.01246,0.00480,0.80,0.86
186.2065,-0.03357,-0.01936,-0.00073,0.00054,-0.00068,0.00093,-0.03006,-0.00555,0.00480,0.80,0.86
186.3068,-0.03346,-0.01948,-0.00170,0.00066,-0.00083,0.00215,-0.02634,-0.01087,0.00639,0.81,0.85
186.4071,-0.03349,-0.02003,-0.00167,0.00120,-0.00153,0.00213,-0.02368,-0.00927,0.00373,0.81,0.85
186.5089,-0.03365,-0.02000,-0.00152,0.00117,-0.00148,0.00193,-0.01995,-0.01672,0.00480,0.81,0.85
186.6104,-0.03433,-0.02035,-0.00083,0.00153,-0.00194,0.00105,-0.01516,-0.01353,0.00586,0.80,0.85
186.7107,-0.03446,-0.02061,-0.00071,0.00179,-0.00227,0.00090,-0.01144,-0.00555,0.00214,0.81,0.85
186.8111,-0.03469,-0.02057,-0.00047,0.00175,-0.00222,0.00059,-0.00825,-0.01140,0.00001,0.80,0.85
186.9114,-0.03488,-0.02056,-0.00113,0.00174,-0.00220,0.00143,-0.00559,-0.00821,0.00160,0.81,0.85
187.0118,-0.03492,-0.02037,-0.00024,0.00155,-0.00197,0.00030,-0.00452,-0.01140,-0.00159,0.80,0.86
187.1122,-0.03518,-0.02013,0.00003,0.00131,-0.00166,-0.00004,-0.00239,-0.01672,0.00799,0.80,0.85
187.2124,-0.03554,-0.02029,-0.00004,0.00147,-0.00186,0.00005,-0.00452,-0.00501,0.00426,0.80,0.85
187.3130,-0.03545,-0.02061,0.00030,0.00179,-0.00228,-0.00038,-0.00505,-0.01087,0.00107,0.80,0.85
187.4162,-0.03541,-0.02056,0.00026,0.00174,-0.00221,-0.00034,-0.00931,-0.00661,0.00214,0.80,0.85
187.5165,-0.03516,-0.02050,-0.00084,0.00168,-0.00213,0.00107,-0.01303,-0.00555,0.00426,0.81,0.85
187.6168,-0.03476,-0.02067,-0.00039,0.00185,-0.00235,0.00050,-0.02208,-0.04439,0.04896,0.79,0.80
187.7171,-0.03845,-0.02589,0.00291,0.00706,-0.00895,-0.00368,-0.02899,-0.07258,0.10854,0.74,0.72
187.8174,-0.04460,-0.03581,0.00867,0.01696,-0.02151,-0.01100,-0.02419,-0.03371,0.10634,0.71,0.69
187.9177,-0.04841,-0.04876,0.01335,0.02999,-0.03807,-0.01694,-0.01459,0.01312,0.06103,0.69,0.69
188.0204,-0.04596,-0.05624,0.01087,0.03749,-0.04763,-0.01381,-0.00554,0.04981,0.04289,0.73,0.67
188.1210,-0.03925,-0.06129,0.00421,0.04254,-0.05401,-0.00534,0.00351,0.03753,0.02424,0.77,0.66
188.2222,-0.03439,-0.06353,-0.00069,0.04562,-0.05792,0.00088,0.00776,0.00027,0.01040,0.79,0.65
188.3232,-0.03281,-0.06437,-0.00304,0.04562,-0.05791,0.00385,0.00669,-0.03112,0.00241,0.80,0.65
188.4234,-0.03505,-0.06469,-0.00015,0.04600,-0.05827,0.00019,-0.00023,-0.04439,-0.00291,0.77,0.64
188.5238,-0.03794,-0.06431,0.00324,0.04556,-0.05772,-0.00410,-0.01086,-0.02520,-0.00663,0.75,0.63
188.6243,-0.03985,-0.06343,0.00519,0.04465,-0.05664,-0.00658,-0.02043,0.00034,-0.01567,0.75,0.63
188.7246,-0.03893,-0.06177,0.00425,0.04302,-0.05464,-0.00540,-0.02893,0.01630,-0.01939,0.76,0.62
188.8249,-0.03583,-0.05926,0.00109,0.04055,-0.05148,-0.00138,-0.03369,0.01096,-0.02149,0.78,0.62
188.9273,-0.03331,-0.05661,-0.00171,0.03785,-0.04811,0.00217,-0.04005,-0.00128,-0.02201,0.80,0.62
189.0276,-0.03241,-0.05335,-0.00259,0.03460,-0.04391,0.00328,-0.04429,-0.02149,-0.02147,0.80,0.62
189.1283,-0.03385,-0.05064,-0.00171,0.03186,-0.04041,0.00217,-0.04638,-0.02786,-0.01933,0.79,0.61
189.2286,-0.03546,-0.04864,0.00019,0.02985,-0.03789,-0.00024,-0.04741,-0.01826,-0.01931,0.78,0.61
189.3289,-0.03638,-0.04647,0.00061,0.02768,-0.03515,-0.00077,-0.04313,-0.00389,-0.01984,0.78,0.61
189.4292,-0.03615,-0.04380,0.00035,0.02500,-0.03177,-0.00044,-0.03778,-0.00389,-0.02035,0.78,0.61
189.5307,-0.03546,-0.04095,0.00007,0.02218,-0.02815,-0.00009,-0.02711,-0.00601,-0.02034,0.78,0.61
189.6313,-0.03481,-0.03888,-0.00062,0.02007,-0.02548,0.00078,-0.01805,-0.00548,-0.01873,0.79,0.61
189.7315,-0.03405,-0.03630,-0.00178,0.01746,-0.02217,0.00226,-0.00793,-0.01079,-0.02084,0.80,0.62
189.8325,-0.03427,-0.03329,-0.00106,0.01447,-0.01838,0.00135,0.00006,-0.01770,-0.01923,0.79,0.62
189.9328,-0.03461,-0.03149,-0.00069,0.01266,-0.01607,0.00088,0.00484,-0.01556,-0.01762,0.79,0.62
190.0332,-0.03555,-0.02840,0.00032,0.00959,-0.01218,-0.00041,0.00750,-0.01555,-0.01867,0.78,0.63
190.1342,-0.03594,-0.02612,0.00118,0.00731,-0.00929,-0.00150,0.00856,-0.00650,-0.01387,0.77,0.63
190.2353,-0.03587,-0.02449,0.00071,0.00567,-0.00720,-0.00091,0.00802,-0.00277,-0.01546,0.78,0.63
190.3358,-0.03498,-0.02223,0.00025,0.00341,-0.00434,-0.00032,0.00482,-0.00436,-0.01491,0.78,0.64
190.4370,-0.03429,-0.02009,-0.00043,0.00127,-0.00162,0.00055,-0.00103,-0.00968,-0.00905,0.79,0.64
190.5383,-0.03384,-0.01858,-0.00132,-0.00023,0.00030,0.00168,-0.00688,-0.01340,-0.00798,0.79,0.64
190.6388,-0.03478,-0.01705,-0.00038,-0.00177,0.00225,0.00049,-0.01645,-0.01605,-0.00478,0.78,0.64
190.7391,-0.03541,-0.01648,nan,nan,nan,nan,-0.02336,-0.01338,0.00054,0.79,0.64
190.8404,-0.03537,-0.01603,0.00020,-0.00279,0.00354,-0.00025,-0.02919,-0.00965,-0.00265,0.78,0.65
190.9407,-0.03549,-0.01535,nan,nan,nan,nan,-0.03556,-0.00219,0.00321,0.79,0.64
191.0410,-0.03525,-0.01565,nan,nan,nan,nan,-0.03660,-0.00591,0.00267,0.78,0.64
191.1415,-0.03468,-0.01556,-0.00132,-0.00326,0.00414,0.00168,-0.03818,-0.00006,0.00427,0.80,0.64
191.2465,-0.03352,-0.01550,nan,nan,nan,nan,-0.03283,-0.00857,0.00533,0.79,0.64
191.3469,-0.03337,-0.01583,nan,nan,nan,nan,-0.03122,-0.00431,0.00799,0.79,0.64
191.4504,-0.03302,-0.01671,-0.00297,-0.00213,0.00271,0.00377,-0.02321,-0.00590,0.00851,0.81,0.64
191.5514,-0.03236,-0.01738,-0.00279,-0.00146,0.00185,0.00354,-0.01576,-0.01920,0.00372,0.80,0.64
191.6520,-0.03337,-0.01750,-0.00178,-0.00134,0.00170,0.00226,-0.01043,-0.02292,0.00691,0.79,0.64
191.7526,-0.03467,-0.01788,-0.00047,-0.00095,0.00121,0.00060,-0.00564,-0.01917,0.00478,0.79,0.64
191.8528,-0.03568,-0.01826,0.00054,-0.00055,0.00070,-0.00068,-0.00191,-0.00959,0.00371,0.78,0.64
191.9531,-0.03583,-0.01854,0.00068,-0.00028,0.00035,-0.00086,0.00022,-0.00586,0.00211,0.78,0.64
192.0535,-0.03508,-0.01832,-0.00007,-0.00050,0.00064,0.00009,0.00288,-0.00266,0.00052,0.79,0.64
192.1544,-0.03443,-0.01792,-0.00072,-0.00090,0.00114,0.00092,0.00288,-0.00532,0.00105,0.79,0.64
192.2548,-0.03410,-0.01770,-0.00105,-0.00112,0.00142,0.00134,0.00021,-0.01436,0.00158,0.79,0.64
192.3557,-0.03418,-0.01769,-0.00098,-0.00113,0.00144,0.00124,-0.00351,-0.01594,0.00158,0.79,0.64
192.4559,-0.03469,-0.01749,-0.00047,-0.00133,0.00169,0.00060,-0.00829,-0.01434,0.00317,0.79,0.64
192.5564,-0.03525,-0.01759,0.00009,-0.00123,0.00156,-0.00011,-0.01574,-0.00848,0.00157,0.79,0.64
192.6578,-0.03517,-0.01764,0.00001,-0.00118,0.00149,-0.00001,-0.02210,-0.00368,0.00423,0.79,0.64
192.7581,-0.03480,-0.01773,-0.00036,-0.00109,0.00139,0.00045,-0.02635,-0.01272,0.00423,0.79,0.64
192.8586,-0.03543,-0.01791,0.00027,-0.00091,0.00116,-0.00035,-0.02899,-0.00899,0.00423,0.79,0.64
192.9590,-0.03536,-0.01827,0.00020,-0.00056,0.00070,-0.00026,-0.03269,-0.00686,0.00635,0.79,0.64
193.0594,-0.03514,-0.01873,-0.00044,-0.00009,0.00011,0.00056,-0.03107,-0.04196,0.00741,0.78,0.64
193.1599,-0.03730,-0.01909,0.00173,0.00027,-0.00034,-0.00219,-0.03319,-0.23559,0.02337,0.68,0.62
193.2606,-0.06669,-0.02124,0.03132,0.00250,-0.00315,-0.03955,-0.04593,-0.16737,0.02016,0.58,0.61
193.3611,-0.08221,-0.02234,0.04697,0.00383,-0.00485,-0.05943,-0.05015,-0.01137,0.00684,0.48,0.62
193.4616,-0.08522,-0.02322,0.05007,0.00496,-0.00628,-0.06352,-0.04376,0.11312,0.00897,0.40,0.62
193.5625,-0.07029,-0.02371,0.03494,0.00538,-0.00684,-0.04450,-0.02246,0.22481,-0.00220,0.50,0.62
193.6630,-0.04165,-0.02319,0.00649,0.00447,-0.00569,-0.00826,0.00521,0.19182,-0.01019,0.60,0.63
193.7633,-0.02293,-0.02266,-0.01231,0.00369,-0.00469,0.01567,0.03500,0.07896,-0.00273,0.70,0.63
193.8639,-0.01153,-0.02184,-0.02370,0.00282,-0.00359,0.03010,0.04669,-0.04077,-0.00805,0.80,0.63
193.9648,-0.01304,-0.02085,-0.02258,0.00202,-0.00256,0.02861,0.04346,-0.14978,-0.00539,0.85,0.63
194.0650,-0.02813,-0.01990,-0.00703,0.00112,-0.00142,0.00891,0.02427,-0.22195,0.00100,0.75,0.63
194.1661,-0.04779,-0.01946,0.01270,0.00049,-0.00062,-0.01607,-0.00447,-0.16439,0.00951,0.65,0.62
194.2663,-0.06886,-0.01978,0.03394,0.00054,-0.00068,-0.04299,-0.02786,-0.04457,0.00525,0.55,0.63
194.3683,-0.07545,-0.02008,0.04016,0.00082,-0.00104,-0.05094,-0.04113,0.09268,0.00524,0.45,0.63
194.4710,-0.06761,-0.02033,0.03187,0.00121,-0.00154,-0.04051,-0.04378,0.21292,-0.00008,0.55,0.63
194.5713,-0.03849,-0.02025,0.00294,0.00142,-0.00180,-0.00374,-0.03207,0.17141,-0.00700,0.65,0.64
194.6719,-0.01797,-0.01987,-0.01722,0.00108,-0.00137,0.02188,-0.02196,0.07507,-0.00061,0.75,0.63
194.7722,-0.01033,-0.01981,-0.02529,0.00107,-0.00136,0.03211,-0.01609,-0.03455,-0.00221,0.85,0.63
194.8724,-0.01200,-0.01947,-0.02360,0.00068,-0.00086,0.02997,-0.02086,-0.14194,0.00364,0.85,0.63
194.9735,-0.02691,-0.01956,-0.00826,0.00077,-0.00098,0.01047,-0.03203,-0.18128,0.01162,0.75,0.62
195.0739,-0.04345,-0.01990,0.00834,0.00108,-0.00137,-0.01054,-0.04637,-0.11998,0.01640,0.65,0.61
195.1745,-0.05855,-0.02135,0.02351,0.00254,-0.00322,-0.02979,-0.05270,-0.00446,0.01213,0.55,0.61
195.2762,-0.05905,-0.02212,0.02405,0.00346,-0.00439,-0.03050,-0.04682,0.12110,0.00415,0.58,0.61
195.3765,-0.04408,-0.02247,0.00852,0.00373,-0.00475,-0.01085,-0.02872,0.14395,-0.00171,0.68,0.62
195.4768,-0.02958,-0.02233,-0.00607,0.00343,-0.00436,0.00772,-0.00690,0.06786,-0.00596,0.78,0.62
195.5772,-0.01952,-0.02150,-0.01610,0.00254,-0.00323,0.02048,0.00853,-0.03326,-0.00383,0.83,0.62
195.6790,-0.02255,-0.02113,-0.01307,0.00221,-0.00281,0.01660,0.01437,-0.10610,0.00096,0.77,0.62
195.7793,-0.03197,-0.02086,nan,nan,nan,nan,0.00904,-0.10444,0.00681,0.86,0.61
195.8801,-0.04639,-0.02111,0.01130,0.00233,-0.00294,-0.01429,0.00265,-0.13156,-0.00543,0.76,0.62
195.9808,-0.05854,-0.02053,0.02351,0.00171,-0.00217,-0.02979,-0.00958,-0.08569,0.00787,0.66,0.61
196.0813,-0.06576,-0.02094,0.03081,0.00209,-0.00265,-0.03903,-0.01755,0.04308,0.00201,0.56,0.62
196.1816,-0.06380,-0.02127,0.02882,0.00239,-0.00304,-0.03662,-0.01648,0.16971,-0.00065,0.55,0.62
196.2821,-0.04198,-0.02107,0.00686,0.00226,-0.00288,-0.00874,-0.00318,0.20217,-0.00704,0.65,0.62
196.3838,-0.02167,-0.02045,-0.01352,0.00162,-0.00207,0.01725,0.01066,0.12286,-0.00970,0.75,0.63
196.4841,-0.00147,-0.01892,-0.03372,0.00022,-0.00028,0.04291,0.01703,0.01159,-0.00703,0.85,0.63
196.5851,-0.00011,-0.01826,-0.03548,-0.00033,0.00041,0.04509,0.01382,-0.11233,-0.00383,0.95,0.63
196.6867,-0.00841,-0.01764,-0.02677,-0.00092,0.00117,0.03398,-0.00161,-0.21923,-0.00117,0.85,0.63
196.7875,-0.03247,-0.01687,-0.00356,-0.00190,0.00241,0.00450,-0.03141,-0.19418,0.01586,0.75,0.61
196.8879,-0.05530,-0.01796,0.02024,-0.00108,0.00137,-0.02559,-0.05429,-0.09680,0.01426,0.65,0.61
196.9882,-0.06501,-0.01891,0.02963,-0.00010,0.00013,-0.03752,-0.06702,0.03305,0.01266,0.55,0.61
197.0962,-0.06222,-0.01967,0.02724,0.00078,-0.00100,-0.03463,-0.06487,0.15911,0.00733,0.56,0.61
197.1965,-0.04306,-0.02029,0.00795,0.00150,-0.00191,-0.01012,-0.04944,0.18625,-0.00225,0.66,0.62
197.2967,-0.01961,-0.02023,-0.01561,0.00125,-0.00160,0.01987,-0.02602,0.11439,-0.00065,0.76,0.62
197.3976,-0.00772,-0.02004,-0.02749,0.00097,-0.00123,0.03498,-0.00419,-0.01705,0.00095,0.86,0.62
197.4987,-0.00720,-0.01995,-0.02799,0.00090,-0.00115,0.03552,0.00166,-0.11119,0.00041,0.90,0.62
197.5991,-0.01825,-0.01962,-0.01694,0.00068,-0.00086,0.02144,0.00059,-0.18828,0.00680,0.80,0.61
197.6998,-0.03526,-0.02004,0.00010,0.00122,-0.00155,-0.00013,-0.00898,-0.15313,0.01477,0.70,0.60
197.8003,-0.05479,-0.02130,0.01887,0.00250,-0.00317,-0.02392,-0.01642,-0.03387,0.00572,0.60,0.61
197.9006,-0.05690,-0.02176,0.02143,0.00303,-0.00385,-0.02722,-0.01428,0.08848,0.00199,0.59,0.61
198.0009,-0.04858,-0.02169,0.01349,0.00294,-0.00374,-0.01715,-0.00735,0.13040,-0.00705,0.67,0.62
198.1016,-0.02979,-0.02069,-0.00625,0.00184,-0.00234,0.00794,0.00383,0.07558,-0.00545,0.77,0.62
198.2021,-0.02380,-0.02041,-0.01181,0.00157,-0.00199,0.01502,0.01020,-0.02075,-0.00545,0.80,0.62
198.3035,-0.02363,-0.01941,-0.01240,0.00062,-0.00078,0.01573,0.00700,-0.08085,-0.00119,0.78,0.62
198.4040,-0.03043,-0.01880,-0.00559,0.00001,-0.00001,0.00710,-0.00364,-0.09141,0.00307,0.73,0.61
198.5043,-0.03855,-0.01901,0.00256,0.00017,-0.00022,-0.00325,-0.01587,-0.04188,0.00625,0.69,0.61
198.6054,-0.04435,-0.01969,0.00925,0.00082,-0.00105,-0.01172,-0.02543,0.00868,0.00199,0.65,0.61
198.7058,-0.04234,-0.01957,0.00723,0.00073,-0.00092,-0.00919,-0.02859,0.05228,0.00093,0.69,0.61
198.8061,-0.03556,-0.01971,0.00041,0.00089,-0.00113,-0.00052,-0.02804,0.04267,0.00093,0.74,0.61
198.9073,-0.03037,-0.01966,-0.00565,0.00086,-0.00109,0.00717,-0.02695,0.00008,-0.00014,0.77,0.61
199.0082,-0.02879,-0.01949,-0.00681,0.00068,-0.00086,0.00865,-0.02746,-0.03714,0.00358,0.76,0.61
199.1085,-0.03204,-0.01963,-0.00311,0.00081,-0.00102,0.00396,-0.02903,-0.04615,0.00517,0.73,0.61
199.2095,-0.03572,-0.01986,0.00058,0.00147,-0.00187,-0.00073,-0.03060,-0.02483,0.00570,0.71,0.60
199.3100,-0.03772,-0.02028,0.00173,0.00146,-0.00186,-0.00219,-0.02791,0.00072,0.00463,0.71,0.61
199.4107,-0.03667,-0.02091,0.00152,0.00209,-0.00266,-0.00193,-0.02362,0.01135,0.00303,0.72,0.60
199.5110,-0.03486,-0.02097,-0.00031,0.00214,-0.00273,0.00039,-0.01775,0.00762,0.00037,0.73,0.61
199.6123,-0.03289,-0.02093,-0.00186,0.00209,-0.00266,0.00236,-0.01082,-0.00303,0.00143,0.74,0.60
199.7128,-0.03249,-0.02104,-0.00268,0.00221,-0.00280,0.00341,-0.00602,-0.01419,0.00036,0.74,0.60
199.8130,-0.03325,-0.02086,-0.00191,0.00203,-0.00259,0.00243,-0.00283,-0.02056,0.00143,0.73,0.60
199.9138,-0.03444,-0.02060,-0.00073,0.00177,-0.00225,0.00092,-0.00070,-0.02107,-0.00123,0.72,0.61
200.0141,-0.03541,-0.02035,0.00069,0.00154,-0.00195,-0.00087,-0.00229,-0.00882,-0.00017,0.72,0.61
200.1144,-0.03553,-0.02009,0.00038,0.00127,-0.00161,-0.00048,-0.00229,-0.00403,-0.00124,0.72,0.61
200.2148,-0.03495,-0.01995,-0.00020,0.00113,-0.00143,0.00026,-0.00388,-0.00349,-0.00177,0.73,0.61
200.3152,-0.03428,-0.01957,-0.00087,0.00075,-0.00096,0.00111,-0.00707,-0.00721,-0.00124,0.73,0.61
200.4156,-0.03394,-0.01931,-0.00164,0.00049,-0.00062,0.00209,-0.01132,-0.00933,0.00089,0.74,0.61
200.5166,-0.03405,-0.01924,-0.00153,0.00042,-0.00053,0.00194,-0.01556,-0.01623,-0.00071,0.73,0.61
200.6172,-0.03539,-0.01900,-0.00019,0.00018,-0.00023,0.00024,-0.01980,-0.01462,0.00302,0.72,0.61
200.7181,-0.03567,-0.01901,-0.00033,0.00018,-0.00023,0.00042,-0.02403,-0.00556,0.00195,0.73,0.61
200.8186,-0.03527,-0.01907,-0.00030,0.00025,-0.00032,0.00039,-0.02667,-0.00503,0.00195,0.73,0.61
200.9191,-0.03491,-0.01913,-0.00067,0.00031,-0.00039,0.00085,-0.02717,-0.00343,0.00301,0.73,0.60
201.0194,-0.03417,-0.01927,-0.00141,0.00045,-0.00058,0.00179,-0.02714,0.00083,0.00513,0.74,0.60
201.1197,-0.03331,-0.01967,-0.00142,0.00085,-0.00108,0.00180,-0.02499,-0.00556,0.00247,0.74,0.60
201.2201,-0.03265,-0.01991,-0.00166,0.00109,-0.00138,0.00211,-0.02230,0.03381,0.01257,0.76,0.59
201.3211,-0.02867,-0.02104,-0.00652,0.00219,-0.00278,0.00829,-0.01165,0.12419,0.02160,0.85,0.58
201.4214,-0.01366,-0.02346,-0.02154,0.00456,-0.00581,0.02744,0.00538,0.07200,0.02319,0.95,0.57
201.5218,-0.00362,-0.02604,-0.03199,0.00721,-0.00916,0.04065,0.01974,-0.01901,0.01679,1.00,0.57
201.6224,-0.00439,-0.02785,-0.03122,0.00908,-0.01152,0.03963,0.02132,-0.10358,0.01625,0.95,0.56
201.7229,-0.01509,-0.02936,-0.02004,0.01065,-0.01350,0.02540,0.01175,-0.12486,0.01625,0.86,0.55
201.8232,-0.02649,-0.03077,-0.00859,0.01202,-0.01521,0.01088,-0.00156,-0.07218,0.01518,0.80,0.54
201.9236,-0.03577,-0.03232,0.00033,0.01350,-0.01714,-0.00042,-0.01273,-0.00088,0.00720,0.76,0.54
202.0242,-0.03471,-0.03261,-0.00028,0.01382,-0.01756,0.00036,-0.02071,0.05126,0.00188,0.79,0.54
202.1245,-0.02908,-0.03290,-0.00640,0.01413,-0.01797,0.00814,-0.02442,0.04432,-0.00291,0.84,0.54
202.2250,-0.02355,-0.03271,-0.01197,0.01400,-0.01776,0.01518,-0.02867,0.00386,-0.00291,0.87,0.54
202.3253,-0.02048,-0.03179,-0.01460,0.01307,-0.01660,0.01853,-0.03291,-0.03870,-0.00131,0.88,0.54
202.4259,-0.02347,-0.03138,-0.01162,0.01263,-0.01601,0.01474,-0.03769,-0.06049,0.00135,0.85,0.53
202.5261,-0.03062,-0.03116,-0.00454,0.01235,-0.01565,0.00576,-0.04352,-0.05088,0.00401,0.80,0.53
202.6270,-0.03468,-0.03104,-0.00002,0.01225,-0.01556,0.00003,-0.04456,-0.01202,0.00081,0.78,0.53
202.7273,-0.03496,-0.03093,0.00023,0.01212,-0.01539,-0.00030,-0.04134,0.01830,0.00028,0.79,0.52
202.8286,-0.03120,-0.03025,-0.00404,0.01141,-0.01448,0.00513,-0.03281,0.01669,-0.00185,0.83,0.52
202.9312,-0.02888,-0.02984,-0.00640,0.01096,-0.01393,0.00813,-0.02428,-0.00407,-0.00557,0.84,0.52
203.0319,-0.02852,-0.02914,-0.00631,0.01027,-0.01305,0.00801,-0.01630,-0.02854,-0.00504,0.83,0.52
203.1322,-0.03163,-0.02841,-0.00362,0.00956,-0.01214,0.00460,-0.00884,-0.03224,-0.00344,0.81,0.52
203.2334,-0.03366,-0.02797,-0.00160,0.00913,-0.01158,0.00203,-0.00351,-0.02051,-0.00397,0.80,0.52
203.3337,-0.03470,-0.02717,-0.00051,0.00834,-0.01059,0.00064,0.00181,-0.00667,-0.00769,0.80,0.52
203.4340,-0.03444,-0.02611,-0.00078,0.00729,-0.00925,0.00099,0.00606,-0.00081,-0.00928,0.80,0.53
203.5345,-0.03356,-0.02496,-0.00162,0.00614,-0.00779,0.00206,0.00712,-0.00347,-0.00874,0.81,0.53
203.6348,-0.03314,-0.02403,nan,nan,nan,nan,0.00712,-0.01305,-0.00714,0.80,0.52
203.7351,-0.03341,-0.02254,-0.00131,0.00373,-0.00473,0.00166,0.00445,-0.01091,-0.01352,0.80,0.54
203.8362,-0.03369,-0.02132,-0.00145,0.00251,-0.00318,0.00184,-0.00246,-0.00878,-0.00341,0.80,0.53
203.9368,-0.03372,-0.01992,-0.00100,0.00110,-0.00140,0.00127,-0.00778,-0.01303,-0.00606,0.80,0.54
204.0371,-0.03371,-0.01913,-0.00145,0.00031,-0.00040,0.00184,-0.01575,-0.00664,-0.00021,0.81,0.53
204.1383,-0.03387,-0.01869,-0.00171,-0.00012,0.00016,0.00218,-0.02052,-0.01195,-0.00287,0.81,0.54
204.2392,-0.03431,-0.01792,-0.00085,-0.00090,0.00115,0.00108,-0.02743,-0.01301,0.00192,0.80,0.53
204.3402,-0.03473,-0.01777,-0.00043,-0.00105,0.00134,0.00055,-0.03220,-0.00715,0.00192,0.80,0.53
204.4409,-0.03467,-0.01790,-0.00048,-0.00092,0.00117,0.00061,-0.03486,-0.00396,0.00352,0.80,0.53
204.5439,-0.03414,-0.01806,-0.00101,-0.00076,0.00097,0.00129,-0.03432,-0.00396,0.00352,0.81,0.53
204.6450,-0.03332,-0.01835,-0.00184,-0.00048,0.00061,0.00233,-0.03164,-0.00555,0.00617,0.81,0.53
204.7460,-0.03305,-0.01886,-0.00126,0.00004,-0.00005,0.00159,-0.02737,-0.01300,0.00351,0.81,0.53
204.8464,-0.03348,-0.01909,-0.00168,0.00026,-0.00033,0.00214,-0.02362,-0.00926,0.00404,0.81,0.53
204.9474,-0.03340,-0.01953,-0.00133,0.00070,-0.00089,0.00169,-0.01723,-0.01032,0.00244,0.81,0.53
205.0477,-0.03377,-0.01972,-0.00140,0.00088,-0.00112,0.00178,-0.01137,-0.01351,0.00297,0.81,0.53
205.1480,-0.03425,-0.02020,-0.00049,0.00137,-0.00175,0.00062,-0.00551,-0.01190,0.00137,0.80,0.53
205.2495,-0.03442,-0.02010,-0.00032,0.00128,-0.00163,0.00040,-0.00125,-0.00977,-0.00023,0.80,0.53
205.3498,-0.03427,-0.01988,-0.00047,0.00106,-0.00134,0.00059,0.00247,-0.00710,-0.01299,0.80,0.54
205.4501,-0.03413,-0.01784,-0.00102,-0.00098,0.00125,0.00130,0.00194,-0.00391,-0.01405,0.81,0.55
205.5507,-0.03399,-0.01621,nan,nan,nan,nan,0.00034,-0.01135,-0.00712,0.81,0.54
205.6510,-0.03418,-0.01551,-0.00140,-0.00289,0.00367,0.00178,-0.00391,-0.01135,-0.04224,0.81,0.58
205.7521,-0.03460,-0.01228,-0.00099,-0.00654,0.00832,0.00126,-0.00870,-0.03635,-0.15928,0.80,0.68
205.8530,-0.03658,0.01085,0.00098,-0.02968,0.03766,-0.00124,-0.04063,0.00515,-0.22580,0.80,0.78
205.9533,-0.03512,0.03327,-0.00047,-0.05206,0.06623,0.00059,-0.06985,0.01100,-0.13684,0.81,0.85
206.0536,-0.03236,0.04796,-0.00261,-0.06672,0.08493,0.00332,-0.08421,0.00408,-0.06232,0.83,0.84
206.1543,-0.02965,0.05864,-0.00457,-0.07746,0.09848,0.00580,-0.08421,-0.01454,-0.03891,0.84,0.87
206.2556,-0.02953,0.06297,-0.00428,-0.08176,0.10399,0.00543,-0.07729,-0.02412,-0.01230,0.83,0.89
206.3559,-0.03010,0.06482,-0.00317,-0.08362,0.10632,0.00403,-0.06292,-0.01880,0.00526,0.83,0.90
206.4563,-0.03126,0.06455,-0.00198,-0.08338,0.10589,0.00251,-0.04164,-0.01401,0.02122,0.82,0.91
206.5573,-0.03158,0.06258,-0.00151,-0.08143,0.10352,0.00191,-0.01397,-0.01348,0.02920,0.82,0.92
206.6580,-0.03168,0.05939,-0.00095,-0.07835,0.09973,0.00121,0.01211,-0.00975,0.03346,0.82,0.93
206.7590,-0.03192,0.05639,-0.00145,-0.07534,0.09590,0.00184,0.03658,-0.00603,0.03719,0.82,0.94
206.8592,-0.03222,0.05334,-0.00118,-0.07219,0.09177,0.00150,0.05680,-0.01827,0.03825,0.81,0.95
206.9596,-0.03440,0.04801,0.00033,-0.06684,0.08520,-0.00042,0.06956,-0.01933,0.04409,0.80,0.95
207.0599,-0.03589,0.04385,0.00130,-0.06272,0.07982,-0.00166,0.07435,-0.01773,0.04197,0.79,0.95
207.1605,-0.03762,0.03876,0.00243,-0.05757,0.07306,-0.00309,0.07063,-0.01241,0.04197,0.79,0.96
207.2610,-0.03852,0.03388,0.00268,-0.05270,0.06691,-0.00340,0.06103,-0.00709,0.04036,0.79,0.96
207.3614,-0.03907,0.02995,0.00219,-0.04879,0.06191,-0.00278,0.04399,-0.00709,0.03769,0.79,0.97
207.4627,-0.03908,0.02625,0.00260,-0.04516,0.05741,-0.00331,0.02322,-0.00921,0.04086,0.78,0.96
207.5637,-0.03903,0.02155,0.00186,-0.04043,0.05132,-0.00236,0.00034,0.00037,0.04509,0.79,0.96
207.6640,-0.03834,0.01630,0.00216,-0.03519,0.04470,-0.00274,-0.02413,-0.00336,0.04613,0.79,0.95
207.7656,-0.03754,0.01074,0.00112,-0.02960,0.03760,-0.00142,-0.04379,0.00462,0.04981,0.80,0.94
207.8659,-0.03626,0.00637,0.00052,-0.02521,0.03203,-0.00066,-0.06506,0.00356,0.04714,0.80,0.94
207.9662,-0.03461,0.00106,-0.00090,-0.01987,0.02523,0.00115,-0.07409,0.00728,0.04554,0.82,0.93
208.0665,-0.03316,-0.00394,-0.00263,-0.01485,0.01888,0.00335,-0.08101,0.00143,0.04447,0.83,0.92
208.1676,-0.03218,-0.00922,-0.00344,-0.00958,0.01218,0.00437,-0.08101,-0.00815,0.03809,0.83,0.91
208.2693,-0.03215,-0.01296,-0.00300,-0.00587,0.00746,0.00381,-0.07463,-0.01241,0.03756,0.83,0.90
208.3696,-0.03250,-0.01697,-0.00263,-0.00188,0.00239,0.00334,-0.06026,-0.01081,0.03490,0.83,0.90
208.4699,-0.03247,-0.02078,-0.00272,0.00192,-0.00243,0.00345,-0.04749,-0.00655,0.02851,0.83,0.89
208.5701,-0.03208,-0.02309,-0.00401,0.00420,-0.00533,0.00510,-0.02408,-0.01028,0.02213,0.84,0.89
208.6705,-0.03205,-0.02492,-0.00323,0.00604,-0.00766,0.00410,-0.00598,-0.02092,0.01361,0.83,0.89
208.7712,-0.03347,-0.02668,-0.00225,0.00782,-0.00992,0.00285,0.00998,-0.01826,0.01095,0.83,0.88
208.8715,-0.03432,-0.02795,-0.00140,0.00911,-0.01156,0.00178,0.02435,-0.01347,0.00616,0.82,0.88
208.9732,-0.03518,-0.02841,-0.00010,0.00959,-0.01220,0.00013,0.03233,-0.01453,0.00137,0.81,0.88
209.0734,-0.03573,-0.02845,0.00049,0.00964,-0.01225,-0.00062,0.03712,-0.00762,-0.00501,0.81,0.89
209.1746,-0.03583,-0.02749,0.00068,0.00868,-0.01102,-0.00086,0.03605,-0.00815,-0.00820,0.81,0.89
209.2758,-0.03565,-0.02643,0.00053,0.00761,-0.00967,-0.00067,0.02914,-0.01028,-0.00661,0.81,0.89
209.3761,-0.03542,-0.02576,0.00033,0.00694,-0.00881,-0.00042,0.01849,-0.01241,-0.00820,0.81,0.89
209.4764,-0.03557,-0.02462,nan,nan,nan,nan,0.00466,-0.01028,-0.00661,0.81,0.88
209.5766,-0.03548,-0.02342,0.00039,0.00459,-0.00582,-0.00049,-0.01130,-0.00762,-0.01087,0.81,0.90
209.6771,-0.03545,-0.02180,0.00034,0.00297,-0.00377,-0.00043,-0.02833,-0.00496,-0.00182,0.81,0.89
209.7785,-0.03537,-0.02156,0.00026,0.00273,-0.00347,-0.00033,-0.03951,-0.00708,0.00084,0.81,0.89
209.8792,-0.03482,-0.02111,-0.00031,0.00229,-0.00291,0.00039,-0.05121,-0.00389,0.00350,0.82,0.89
209.9795,-0.03381,-0.02113,-0.00133,0.00232,-0.00294,0.00169,-0.05813,-0.00176,0.00616,0.83,0.88
210.0802,-0.03338,-0.02132,-0.00177,0.00251,-0.00318,0.00224,-0.06026,-0.00708,0.00669,0.83,0.88
210.1805,-0.03327,-0.02176,-0.00147,0.00294,-0.00373,0.00187,-0.05919,-0.00389,0.00616,0.83,0.88
210.2811,-0.03309,-0.02239,-0.00167,0.00356,-0.00453,0.00212,-0.05175,-0.00602,0.01042,0.83,0.87
210.3817,-0.03284,-0.02296,nan,nan,nan,nan,-0.04217,-0.00442,0.00616,0.83,0.88
210.4822,-0.03264,-0.02339,-0.00301,0.00452,-0.00573,0.00382,-0.02886,-0.00975,0.00563,0.84,0.87
210.5829,-0.03288,-0.02401,-0.00321,0.00514,-0.00654,0.00408,-0.01450,-0.01879,0.00350,0.84,0.87
210.6832,-0.03375,-0.02405,-0.00234,0.00520,-0.00659,0.00296,-0.00119,-0.01986,-0.00075,0.83,0.87
210.7838,-0.03498,-0.02397,nan,nan,nan,nan,0.00625,-0.01826,0.00031,0.84,0.87
210.8842,-0.03613,-0.02366,nan,nan,nan,nan,0.01690,-0.02624,-0.00714,0.85,0.88
210.9845,-0.03772,-0.02278,0.00169,0.00397,-0.00504,-0.00214,0.01849,-0.02677,-0.00608,0.80,0.88
211.0863,-0.04024,-0.02153,0.00510,0.00274,-0.00348,-0.00647,0.01743,-0.00123,-0.00182,0.78,0.88
211.1866,-0.03951,-0.02129,0.00437,0.00249,-0.00316,-0.00555,0.01743,0.02431,-0.00395,0.80,0.88
211.2869,-0.03652,-0.02087,0.00138,0.00205,-0.00261,-0.00175,0.01743,0.01846,-0.01033,0.82,0.89
211.3872,-0.03187,-0.01937,-0.00329,0.00057,-0.00072,0.00417,0.01264,-0.00017,-0.00820,0.85,0.89
211.4881,-0.03076,-0.01836,-0.00483,-0.00042,0.00054,0.00614,0.00200,-0.02890,-0.00661,0.85,0.89
211.5884,-0.03230,-0.01725,-0.00245,-0.00155,0.00196,0.00310,-0.01130,-0.04008,-0.00022,0.83,0.89
211.6894,-0.03577,-0.01670,nan,nan,nan,nan,-0.02567,-0.02624,0.00350,0.86,0.88
211.7904,-0.03773,-0.01675,0.00172,-0.00209,0.00265,-0.00218,-0.03897,-0.03688,-0.00022,0.80,0.89
211.8914,-0.04029,-0.01664,0.00514,-0.00223,0.00283,-0.00653,-0.05068,0.00675,0.01148,0.79,0.88
211.9928,-0.03922,-0.01744,0.00365,-0.00141,0.00178,-0.00464,-0.05015,0.03336,0.00882,0.81,0.88
212.0932,-0.03450,-0.01818,-0.00065,-0.00065,0.00082,0.00083,-0.04536,0.02750,0.00403,0.84,0.88
212.1935,-0.03001,-0.01862,-0.00559,-0.00022,0.00028,0.00708,-0.03951,0.00409,0.00457,0.87,0.88
212.2939,-0.02854,-0.01905,-0.00706,0.00020,-0.00025,0.00896,-0.03153,-0.02571,0.00723,0.87,0.88
212.3942,-0.03037,-0.01945,-0.00523,0.00059,-0.00074,0.00663,-0.02727,-0.04327,0.00776,0.85,0.87
212.4949,-0.03443,-0.02016,-0.00031,0.00134,-0.00169,0.00040,-0.02195,-0.03475,0.00936,0.82,0.87
212.5954,-0.03694,-0.02056,0.00136,0.00175,-0.00223,-0.00172,-0.01450,-0.00602,0.00776,0.82,0.87
212.6963,-0.03655,-0.02143,0.00096,0.00262,-0.00332,-0.00121,-0.00545,0.00409,0.00191,0.82,0.87
212.7967,-0.03512,-0.02156,-0.00006,0.00274,-0.00348,0.00007,0.00253,0.00462,0.00031,0.83,0.87
212.8971,-0.03379,-0.02141,-0.00139,0.00258,-0.00328,0.00176,0.00998,-0.00389,-0.00342,0.84,0.88
212.9976,-0.03306,-0.02086,-0.00210,0.00203,-0.00258,0.00267,0.01158,-0.01294,-0.00342,0.84,0.88
213.0979,-0.03368,-0.02038,-0.00148,0.00155,-0.00197,0.00188,0.01104,-0.02358,-0.00129,0.83,0.88
213.1987,-0.03530,-0.01971,0.00015,0.00089,-0.00113,-0.00019,0.00732,-0.02252,-0.00182,0.82,0.88
213.2990,-0.03611,-0.01956,0.00097,0.00074,-0.00094,-0.00123,0.00253,-0.01134,-0.00182,0.82,0.88
213.3998,-0.03651,-0.01894,0.00136,0.00011,-0.00014,-0.00173,-0.00439,-0.00655,-0.00129,0.82,0.88
213.5005,-0.03548,-0.01871,0.00033,-0.00011,0.00014,-0.00042,-0.01290,0.00303,0.00191,0.83,0.88
213.6008,-0.03432,-0.01858,-0.00084,-0.00024,0.00030,0.00107,-0.01982,-0.00442,-0.00235,0.84,0.88
213.7011,-0.03392,-0.01814,-0.00124,-0.00067,0.00085,0.00157,-0.02461,-0.01400,0.00191,0.83,0.88
213.8018,-0.03382,-0.01790,-0.00134,-0.00092,0.00117,0.00170,-0.03153,-0.00708,0.00616,0.84,0.88
213.9023,-0.03418,-0.01834,-0.00098,-0.00048,0.00060,0.00124,-0.03685,-0.01187,0.00510,0.83,0.88
214.0027,-0.03510,-0.01866,-0.00048,-0.00016,0.00020,0.00060,-0.03791,-0.00921,0.00563,0.83,0.87
214.1030,-0.03510,-0.01908,-0.00047,0.00025,-0.00032,0.00060,-0.03791,-0.00549,0.00776,0.83,0.87
214.2032,-0.03474,-0.01964,-0.00041,0.00082,-0.00104,0.00052,-0.03312,-0.00070,0.00616,0.84,0.87
214.3038,-0.03437,-0.02013,-0.00036,0.00131,-0.00166,0.00046,-0.02727,-0.00655,0.00563,0.83,0.87
214.4048,-0.03353,-0.02062,-0.00164,0.00179,-0.00227,0.00208,-0.01982,-0.00123,0.00616,0.85,0.87
214.5053,-0.03280,-0.02113,-0.00238,0.00229,-0.00290,0.00302,-0.01290,-0.00868,0.00297,0.85,0.87
214.6057,-0.03300,-0.02134,-0.00218,0.00250,-0.00317,0.00277,-0.00758,-0.02092,0.00191,0.84,0.87
214.7061,-0.03461,-0.02108,-0.00055,0.00225,-0.00286,0.00070,-0.00332,-0.01932,-0.00022,0.83,0.87
214.8064,-0.03528,-0.02095,0.00012,0.00213,-0.00270,-0.00016,-0.00066,-0.00815,0.00244,0.83,0.87
214.9070,-0.03537,-0.02106,0.00022,0.00225,-0.00285,-0.00028,0.00306,-0.00496,-0.00129,0.83,0.87
215.0074,-0.03517,-0.02103,0.00001,0.00221,-0.00280,-0.00002,0.00359,-0.00815,-0.00129,0.83,0.87
215.1077,-0.03483,-0.02080,-0.00033,0.00198,-0.00251,0.00041,0.00253,-0.01187,-0.00288,0.83,0.87
215.2082,-0.03464,-0.02003,-0.00052,0.00121,-0.00153,0.00066,-0.00013,-0.00762,-0.00288,0.84,0.87
215.3095,-0.03467,-0.01962,-0.00048,0.00080,-0.00102,0.00061,-0.00652,-0.00868,-0.00075,0.84,0.87
215.4097,-0.03462,-0.01920,-0.00054,0.00038,-0.00048,0.00068,-0.01130,-0.01453,-0.00022,0.83,0.87
215.5101,-0.03522,-0.01882,-0.00036,0.00000,-0.00000,0.00046,-0.01556,-0.01347,0.00031,0.83,0.87
215.6106,-0.03538,-0.01868,-0.00020,-0.00014,0.00018,0.00025,-0.02195,-0.00868,0.00084,0.83,0.87
215.7109,-0.03538,-0.01868,0.00023,-0.00014,0.00018,-0.00029,-0.02674,-0.00602,0.00297,0.83,0.87
215.8114,-0.03505,-0.01848,-0.00053,-0.00034,0.00043,0.00067,-0.02940,-0.00017,0.00510,0.84,0.87
215.9117,-0.03451,-0.01897,-0.00064,0.00014,-0.00018,0.00081,-0.02993,-0.00549,0.00510,0.84,0.87
216.0123,-0.03400,-0.01912,-0.00158,0.00030,-0.00038,0.00201,-0.02993,-0.01081,0.00457,0.85,0.87
216.1126,-0.03402,-0.01950,-0.00114,0.00068,-0.00086,0.00145,-0.02780,-0.01134,0.00350,0.84,0.87
216.2129,-0.03419,-0.01974,-0.00096,0.00092,-0.00116,0.00123,-0.02567,-0.00708,0.00669,0.84,0.86
216.3133,-0.03410,-0.02030,-0.00107,0.00148,-0.00188,0.00136,-0.02035,-0.01187,0.00457,0.84,0.86
216.4142,-0.03392,-0.02025,-0.00082,0.00143,-0.00182,0.00104,-0.01609,-0.01028,0.00297,0.84,0.86
216.5145,-0.03394,-0.02052,-0.00080,0.00169,-0.00215,0.00101,-0.01184,-0.00549,0.00137,0.84,0.86
216.6151,-0.03390,-0.02052,-0.00084,0.00170,-0.00215,0.00106,-0.00758,-0.01134,0.00244,0.84,0.86
216.7154,-0.03402,-0.02059,-0.00072,0.00177,-0.00225,0.00091,-0.00439,-0.00921,0.00084,0.84,0.86
216.8162,-0.03394,-0.02042,-0.00079,0.00160,-0.00202,0.00100,-0.00279,-0.01028,-0.00022,0.84,0.87
216.9168,-0.03424,-0.02028,-0.00092,0.00145,-0.00185,0.00117,-0.00066,-0.00921,-0.00075,0.84,0.87
217.0173,-0.03482,-0.01983,-0.00034,0.00100,-0.00128,0.00043,-0.00173,-0.01453,0.00084,0.84,0.87
217.1175,-0.03545,-0.01942,-0.00013,0.00060,-0.00076,0.00016,-0.00545,-0.01294,-0.00182,0.84,0.87
217.2181,-0.03549,-0.01918,-0.00008,0.00036,-0.00045,0.00010,-0.00652,-0.00975,0.00084,0.84,0.87
217.3189,-0.03527,-0.01907,-0.00073,0.00025,-0.00032,0.00093,-0.01130,-0.00655,0.00191,0.84,0.87
217.4196,-0.03528,-0.01879,-0.00030,-0.00003,0.00004,0.00038,-0.01450,-0.01081,0.00031,0.84,0.87
217.5202,-0.03537,-0.01895,-0.00021,0.00013,-0.00016,0.00026,-0.01929,-0.00336,0.00563,0.84,0.86
217.6213,-0.03507,-0.01892,-0.00051,0.00010,-0.00013,0.00065,-0.02248,-0.00602,0.00297,0.84,0.87
217.7238,-0.03505,-0.01900,-0.00052,0.00018,-0.00023,0.00067,-0.02354,-0.01134,0.00084,0.84,0.87
217.8241,-0.03468,-0.01899,-0.00047,0.00017,-0.00022,0.00060,-0.02514,-0.00496,0.00563,0.84,0.86
217.9249,-0.03417,-0.01916,-0.00141,0.00034,-0.00043,0.00179,-0.02408,-0.00230,0.00457,0.85,0.86
218.0283,-0.03365,-0.01961,-0.00151,0.00079,-0.00100,0.00192,-0.02195,-0.01294,0.00403,0.85,0.86
218.1286,-0.03361,-0.01969,-0.00155,0.00086,-0.00109,0.00197,-0.02195,-0.00975,0.00297,0.85,0.86
218.2295,-0.03422,-0.01992,-0.00094,0.00110,-0.00140,0.00119,-0.01875,-0.01347,0.00669,0.85,0.86
218.3302,-0.03446,-0.02012,-0.00027,0.00130,-0.00165,0.00034,-0.01503,-0.01081,0.00297,0.84,0.86
218.4309,-0.03468,-0.02029,-0.00048,0.00147,-0.00186,0.00061,-0.01397,-0.00336,0.00297,0.85,0.86
218.5324,-0.03449,-0.02040,-0.00024,0.00158,-0.00200,0.00031,-0.01024,-0.00762,0.00084,0.84,0.86
218.6327,-0.03424,-0.02031,-0.00050,0.00148,-0.00188,0.00063,-0.00758,-0.00389,0.00191,0.85,0.86
218.7339,-0.03416,-0.02024,-0.00057,0.00142,-0.00180,0.00073,-0.00545,-0.01187,0.00244,0.84,0.86
218.8347,-0.03409,-0.02030,-0.00065,0.00148,-0.00188,0.00082,-0.00545,-0.00708,0.00084,0.85,0.86
218.9350,-0.03415,-0.02011,-0.00057,0.00129,-0.00164,0.00073,-0.00545,-0.01347,-0.00075,0.84,0.86
219.0352,-0.03453,-0.02000,-0.00020,0.00118,-0.00150,0.00026,-0.00705,-0.01187,0.00191,0.84,0.86
219.1356,-0.03480,-0.01976,-0.00035,0.00094,-0.00119,0.00045,-0.00971,-0.01081,-0.00022,0.84,0.86
219.2360,-0.03480,-0.01972,-0.00035,0.00090,-0.00114,0.00045,-0.01184,-0.00602,0.00084,0.85,0.86
219.3364,-0.03471,-0.01970,-0.00045,0.00088,-0.00112,0.00057,-0.01450,-0.01294,0.00084,0.84,0.86
219.4367,-0.03475,-0.01950,-0.00040,0.00068,-0.00086,0.00051,-0.01609,-0.01294,0.00244,0.84,0.86
219.5402,-0.03480,-0.01938,-0.00035,0.00056,-0.00071,0.00045,-0.02035,-0.00921,0.00297,0.85,0.86
219.6406,-0.03452,-0.01934,-0.00105,0.00052,-0.00066,0.00134,-0.02301,-0.00389,0.00137,0.85,0.86
219.7409,-0.03421,-0.01927,-0.00137,0.00045,-0.00057,0.00174,-0.02354,-0.01560,0.00403,0.85,0.86
219.8421,-0.03440,-0.01938,-0.00075,0.00055,-0.00070,0.00096,-0.02408,-0.01134,0.00510,0.85,0.86
219.9425,-0.03490,-0.01968,-0.00026,0.00086,-0.00109,0.00033,-0.02408,-0.01187,0.00563,0.84,0.85
220.0432,-0.03504,-0.01971,-0.00011,0.00089,-0.00113,0.00014,-0.02195,-0.00336,0.00191,0.85,0.86
220.1437,-0.03434,-0.01965,-0.00082,0.00082,-0.00104,0.00104,-0.01929,-0.00815,0.00403,0.85,0.86
220.2444,-0.03410,-0.02017,-0.00106,0.00134,-0.00171,0.00135,-0.01663,-0.00762,0.00191,0.85,0.86
220.3459,-0.03377,-0.02017,-0.00139,0.00134,-0.00170,0.00177,-0.01290,-0.01453,0.00297,0.85,0.85
220.4464,-0.03392,-0.02018,-0.00082,0.00135,-0.00171,0.00104,-0.01077,-0.00975,0.00137,0.85,0.86
220.5467,-0.03451,-0.02019,-0.00022,0.00137,-0.00174,0.00028,-0.00758,-0.01400,0.00244,0.84,0.85
220.6473,-0.03469,-0.02019,-0.00047,0.00137,-0.00174,0.00059,-0.00758,-0.00655,0.00244,0.85,0.85
220.7485,-0.03482,-0.02029,-0.00034,0.00147,-0.00186,0.00043,-0.00652,-0.00921,-0.00022,0.85,0.86
220.8527,-0.03480,-0.01990,-0.00035,0.00108,-0.00138,0.00044,-0.00705,-0.00868,0.00137,0.85,0.85
220.9545,-0.03480,-0.01976,-0.00035,0.00094,-0.00119,0.00045,-0.00864,-0.01241,0.00031,0.85,0.86
221.0547,-0.03486,-0.01922,-0.00029,0.00040,-0.00051,0.00037,-0.01077,-0.00815,0.00137,0.85,0.86
221.1562,-0.03487,-0.01915,-0.00071,0.00033,-0.00042,0.00090,-0.01290,-0.01241,0.00191,0.85,0.86
221.2572,-0.03488,-0.01906,-0.00069,0.00024,-0.00030,0.00088,-0.01556,-0.00815,0.00137,0.85,0.86
221.3579,-0.03484,-0.01911,-0.00032,0.00029,-0.00036,0.00040,-0.01663,-0.01560,0.00244,0.85,0.86
221.4590,-0.03504,-0.01896,-0.00054,0.00014,-0.00018,0.00068,-0.02035,-0.00336,0.00244,0.85,0.86
221.5593,-0.03484,-0.01879,-0.00074,-0.00003,0.00004,0.00094,-0.02141,-0.01294,0.00297,0.85,0.86
221.6602,-0.03451,-0.01908,-0.00064,0.00026,-0.00033,0.00082,-0.02248,-0.00602,0.00403,0.85,0.85
221.7605,-0.03449,-0.01908,-0.00067,0.00026,-0.00033,0.00085,-0.02141,-0.00815,0.00403,0.85,0.85
221.8608,-0.03427,-0.01908,-0.00088,0.00025,-0.00032,0.00112,-0.01982,-0.00815,0.00403,0.86,0.85
221.9611,-0.03420,-0.01915,-0.00138,0.00032,-0.00041,0.00175,-0.01875,-0.00708,0.00297,0.86,0.85
222.0613,-0.03401,-0.01941,-0.00115,0.00059,-0.00075,0.00146,-0.01663,-0.01507,0.00457,0.86,0.85
222.1617,-0.03426,-0.01975,-0.00090,0.00092,-0.00117,0.00114,-0.01609,-0.00921,0.00510,0.86,0.85
222.2620,-0.03467,-0.01993,-0.00049,0.00111,-0.00141,0.00062,-0.01450,-0.01294,0.00191,0.85,0.85
222.3624,-0.03482,-0.02000,-0.00033,0.00118,-0.00150,0.00043,-0.01237,-0.00921,0.00350,0.85,0.85
222.4630,-0.03484,-0.02023,-0.00031,0.00140,-0.00178,0.00040,-0.01077,-0.00230,0.00137,0.86,0.85
222.5642,-0.03442,-0.02027,-0.00074,0.00144,-0.00183,0.00094,-0.00811,-0.00868,0.00084,0.86,0.85
222.6644,-0.03422,-0.02034,-0.00051,0.00152,-0.00193,0.00065,-0.00811,-0.00868,0.00191,0.86,0.85
222.7647,-0.03436,-0.02024,-0.00037,0.00142,-0.00180,0.00047,-0.00758,-0.01081,0.00191,0.85,0.85
222.8654,-0.03455,-0.02006,-0.00060,0.00124,-0.00157,0.00076,-0.00918,-0.01400,0.00031,0.85,0.85
222.9661,-0.03456,-0.01990,-0.00059,0.00108,-0.00137,0.00075,-0.01077,-0.00868,-0.00129,0.86,0.85
223.0670,-0.03453,-0.01958,-0.00062,0.00076,-0.00096,0.00079,-0.01343,-0.00655,0.00191,0.86,0.85
223.1677,-0.03426,-0.01946,-0.00090,0.00064,-0.00081,0.00114,-0.01343,-0.01347,0.00244,0.86,0.85
223.2688,-0.03426,-0.01946,-0.00090,0.00064,-0.00081,0.00114,-0.01556,-0.00762,0.00137,0.86,0.85
223.3693,-0.03475,-0.01948,-0.00040,0.00066,-0.00084,0.00051,-0.01769,-0.01081,0.00137,0.85,0.85
223.4695,-0.03470,-0.01927,-0.00088,0.00045,-0.00057,0.00112,-0.01875,-0.01241,0.00457,0.86,0.85
223.5698,-0.03491,-0.01966,-0.00025,0.00083,-0.00106,0.00031,-0.02088,-0.00602,0.00191,0.86,0.85
223.6709,-0.03449,-0.01961,-0.00066,0.00079,-0.00100,0.00084,-0.02088,-0.00815,0.00350,0.86,0.85
223.7713,-0.03429,-0.01970,-0.00087,0.00087,-0.00111,0.00110,-0.02088,-0.00708,0.00244,0.86,0.85
223.8717,-0.03433,-0.01991,-0.00083,0.00109,-0.00138,0.00105,-0.01822,-0.00815,0.00616,0.86,0.84
223.9721,-0.03433,-0.01991,-0.00083,0.00109,-0.00138,0.00105,-0.01609,-0.01028,0.00244,0.86,0.85
